{"loss":{"0":3.6259989131,"1":3.3743186514,"2":3.2477808795,"3":2.9758771334,"4":2.6383609997,"5":2.5243513481,"6":2.4406086638,"7":2.370151697,"8":2.3100125844,"9":2.23678859,"10":2.2043875231,"11":2.1857157545,"12":2.1729079485,"13":2.1690659739,"14":2.1465017031,"15":2.1298169473,"16":2.1370438171,"17":2.1370132338,"18":2.122409924,"19":2.125578614},"policy_acc":{"0":0.0533608491,"1":0.0707123379,"2":0.0821583874,"3":0.141680793,"4":0.2204543779,"5":0.2430553508,"6":0.2612710053,"7":0.2760226268,"8":0.2872291421,"9":0.3061560289,"10":0.3139261498,"11":0.3175357459,"12":0.3195865271,"13":0.3203604068,"14":0.3257112323,"15":0.329245283,"16":0.3277509581,"17":0.3270102447,"18":0.3305608785,"19":0.3298662294},"policy_acc_sign":{"0":0.0002003205,"1":0.0002003205,"2":0.0002003205,"3":0.0002003205,"4":0.0002003205,"5":0.0002003205,"6":0.0002003205,"7":0.0002003205,"8":0.0002003205,"9":0.0002003205,"10":0.0002003205,"11":0.0002003205,"12":0.0002003205,"13":0.0002003205,"14":0.0002003205,"15":0.0002003205,"16":0.0002003205,"17":0.0002003205,"18":0.0002003205,"19":0.0002003205},"policy_loss":{"0":5.7889187174,"1":5.4504839132,"2":5.2881426838,"3":4.7914219379,"4":4.1593723279,"5":3.9505503448,"6":3.8019888887,"7":3.6745468603,"8":3.5651217668,"9":3.4401140766,"10":3.3862479376,"11":3.3599144639,"12":3.3476401136,"13":3.3424185146,"14":3.3088483172,"15":3.2844405683,"16":3.2967640391,"17":3.3065764441,"18":3.2787020683,"19":3.2841963287},"val_loss":{"0":3.5780371332,"1":3.4113721525,"2":3.361408149,"3":3.0309435234,"4":2.6697800658,"5":2.6620979504,"6":2.9202139176,"7":2.5672974111,"8":2.3963456558,"9":2.3230729481,"10":2.2998476418,"11":2.3067955959,"12":2.3386618157,"13":2.2836348947,"14":2.2747852332,"15":2.2728018248,"16":2.2717481856,"17":2.2752364492,"18":2.2722537776,"19":2.2678747155},"val_policy_acc":{"0":0.0372678801,"1":0.0533186247,"2":0.0617944475,"3":0.1461849605,"4":0.2194153337,"5":0.2397499541,"6":0.220224306,"7":0.2624931054,"8":0.2840044126,"9":0.2993197279,"10":0.2997793712,"11":0.3013973157,"12":0.3022246736,"13":0.304541276,"14":0.3082184225,"15":0.3082368082,"16":0.3098179812,"17":0.3096341239,"18":0.3099282956,"19":0.3098731384},"val_policy_acc_sign":{"0":0.0002003205,"1":0.0002003205,"2":0.0002003205,"3":0.0002003205,"4":0.0002003205,"5":0.0002003205,"6":0.0002003205,"7":0.0002003205,"8":0.0002003205,"9":0.0002003205,"10":0.0002003205,"11":0.0002003205,"12":0.0002003205,"13":0.0002003205,"14":0.0002003205,"15":0.0002003205,"16":0.0002003205,"17":0.0002003205,"18":0.0002003205,"19":0.0002003205},"val_policy_loss":{"0":5.7785086671,"1":5.5556879136,"2":5.5098715352,"3":4.8091752301,"4":4.1767314434,"5":4.0363299806,"6":4.211997264,"7":3.8052252726,"8":3.6074928834,"9":3.502790908,"10":3.4818050651,"11":3.4755241301,"12":3.4742473892,"13":3.4369778256,"14":3.4222136054,"15":3.4156203488,"16":3.4140126514,"17":3.4108237306,"18":3.4122718276,"19":3.4094587075},"val_value_acc":{"0":0.0135686707,"1":0.0224673653,"2":0.0005699577,"3":0.0690016547,"4":0.1663908807,"5":0.2066372495,"6":0.3468284611,"7":0.2763927192,"8":0.2332230189,"9":0.2477661335,"10":0.2715021143,"11":0.2824416253,"12":0.2912116198,"13":0.2830299687,"14":0.2976282405,"15":0.3003861004,"16":0.3102776246,"17":0.2996322853,"18":0.3042103328,"19":0.3104982534},"val_value_acc_sign":{"0":0.5527118956,"1":0.566023166,"2":0.5660783232,"3":0.5553042839,"4":0.6212906784,"5":0.5792057363,"6":0.5280382423,"7":0.5736348593,"8":0.623184409,"9":0.6439970582,"10":0.654403383,"11":0.6459459459,"12":0.6269718699,"13":0.6517190661,"14":0.6542195257,"15":0.6530060673,"16":0.6555800699,"17":0.6492921493,"18":0.6539253539,"19":0.6561132561},"val_value_loss":{"0":0.9762985708,"1":0.9705633198,"2":0.974060809,"3":0.999617616,"4":0.9096396037,"5":1.0338656982,"6":1.372184461,"7":1.0699577205,"8":0.9216247738,"9":0.8795896706,"10":0.8539999063,"11":0.8740117737,"12":0.938832662,"13":0.8658456724,"14":0.8628907633,"15":0.8655017747,"16":0.8649875416,"17":0.8751402156,"18":0.8677117725,"19":0.8617643908},"value_acc":{"0":0.0109135466,"1":0.0295345666,"2":0.0504661704,"3":0.084426592,"4":0.1597453567,"5":0.1910100973,"6":0.2229197376,"7":0.2450084758,"8":0.2681788031,"9":0.2904407429,"10":0.3069649175,"11":0.3214401533,"12":0.3405844634,"13":0.3452369546,"14":0.3530107606,"15":0.363229658,"16":0.3628537736,"17":0.3763487618,"18":0.3755767246,"19":0.3745669959},"value_acc_sign":{"0":0.5164080926,"1":0.5756835938,"2":0.5851378243,"3":0.6077037883,"4":0.6439103037,"5":0.6562831663,"6":0.6670953715,"7":0.6763155955,"8":0.6836140183,"9":0.6955723025,"10":0.7022387235,"11":0.7070717866,"12":0.714401533,"13":0.715118293,"14":0.7215949292,"15":0.7262179393,"16":0.7251105542,"17":0.7294055867,"18":0.7306032577,"19":0.7297077683},"value_loss":{"0":0.9960399358,"1":0.9537138464,"2":0.9437710615,"3":0.9204648438,"4":0.8637405294,"5":0.8447085856,"6":0.8242195456,"7":0.8080471546,"8":0.793428536,"9":0.7697499338,"10":0.7586940042,"11":0.7475469948,"12":0.7340303512,"13":0.7313706288,"14":0.7196960178,"15":0.7107201004,"16":0.7128355519,"17":0.7029478396,"18":0.7016013374,"19":0.7024361616}}