{"loss":{"0":3.636998581,"1":3.3259054587,"2":3.2620842393,"3":3.1920021681,"4":3.0802027638,"5":2.9501751221,"6":2.8164033945,"7":2.70691048,"8":2.5749173595,"9":2.441568282,"10":2.3350478484,"11":2.2301072442,"12":2.1457613184,"13":2.0968031361,"14":2.0204672479,"15":1.9763556769,"16":1.8957932834,"17":1.8786873643,"18":1.7927104469,"19":1.7493704938},"policy_acc":{"0":0.0490778996,"1":0.0630540114,"2":0.0726092999,"3":0.0857816256,"4":0.1064471905,"5":0.1342059796,"6":0.1675105168,"7":0.1939039964,"8":0.2239764874,"9":0.257016226,"10":0.2805682843,"11":0.3018479567,"12":0.3180213341,"13":0.3278432993,"14":0.3409912109,"15":0.3509089543,"16":0.3692119892,"17":0.3735821064,"18":0.3931133564,"19":0.4057316707},"policy_acc_sign":{"0":0.0002003205,"1":0.0002003205,"2":0.0002003205,"3":0.0002003205,"4":0.0002003205,"5":0.0002003205,"6":0.0002003205,"7":0.0002003205,"8":0.0002003205,"9":0.0002003205,"10":0.0002003205,"11":0.0002003205,"12":0.0002003205,"13":0.0002003205,"14":0.0002003205,"15":0.0002003205,"16":0.0002003205,"17":0.0002003205,"18":0.0002003205,"19":0.0002003205},"policy_loss":{"0":6.1807000399,"1":5.599727262,"2":5.4803920306,"3":5.3524425378,"4":5.1504928956,"5":4.9059818415,"6":4.6500202472,"7":4.4409127364,"8":4.182508619,"9":3.920134327,"10":3.7098612877,"11":3.5186584152,"12":3.3671894413,"13":3.2781919113,"14":3.1554870395,"15":3.075301461,"16":2.9527210731,"17":2.8936739729,"18":2.7691888782,"19":2.6897687279},"val_loss":{"0":3.4111421326,"1":3.3809541742,"2":3.3604889068,"3":3.3788779436,"4":3.2454332024,"5":3.405710139,"6":3.4833025694,"7":2.9509925848,"8":2.7319286638,"9":2.5950895218,"10":2.6211412501,"11":2.683015532,"12":2.5823888195,"13":2.7382284471,"14":2.3609150937,"15":2.5200252144,"16":2.2730312002,"17":2.386518081,"18":2.2369623674,"19":3.2579828421},"val_policy_acc":{"0":0.0349145064,"1":0.0446405589,"2":0.0537231108,"3":0.0498253356,"4":0.0737819452,"5":0.0886743887,"6":0.1056811914,"7":0.156940614,"8":0.2032726604,"9":0.203640375,"10":0.2545320833,"11":0.2253355398,"12":0.2639455785,"13":0.248372863,"14":0.2973156831,"15":0.2839676411,"16":0.3210332784,"17":0.3235337381,"18":0.336532451,"19":0.2202243061},"val_policy_acc_sign":{"0":0.0002003205,"1":0.0002003205,"2":0.0002003205,"3":0.0002003205,"4":0.0002003205,"5":0.0002003205,"6":0.0002003205,"7":0.0002003205,"8":0.0002003205,"9":0.0002003205,"10":0.0002003205,"11":0.0002003205,"12":0.0002003205,"13":0.0002003205,"14":0.0002003205,"15":0.0002003205,"16":0.0002003205,"17":0.0002003205,"18":0.0002003205,"19":0.0002003205},"val_policy_loss":{"0":5.7249942501,"1":5.6540840207,"2":5.6349092566,"3":5.5933807638,"4":5.4369416367,"5":5.4896400001,"6":5.3508996964,"7":4.7076958747,"8":4.3842308989,"9":4.1364077424,"10":3.9561014762,"11":4.0293840651,"12":3.7943656441,"13":3.9534399265,"14":3.4655962373,"15":3.5896108401,"16":3.2764670601,"17":3.259893191,"18":3.1255148729,"19":4.678387392},"val_value_acc":{"0":0.0000551572,"1":0.0234601949,"2":0.0116013973,"3":0.1332597904,"4":0.0521051664,"5":0.2210700496,"6":0.3622357049,"7":0.2020408163,"8":0.1583563155,"9":0.1281117853,"10":0.3157749588,"11":0.2666850522,"12":0.3063982349,"13":0.3353373779,"14":0.3233314951,"15":0.3234969661,"16":0.3512042655,"17":0.3717411286,"18":0.384794999,"19":0.3858613713},"val_value_acc_sign":{"0":0.5160139737,"1":0.5293068573,"2":0.5309799592,"3":0.5349145058,"4":0.5784519208,"5":0.5242507815,"6":0.5152050015,"7":0.570178341,"8":0.6054237916,"9":0.6247839674,"10":0.5743886739,"11":0.5571796284,"12":0.5699393271,"13":0.5557087706,"14":0.6193969483,"15":0.5792241219,"16":0.6266041546,"17":0.5859716857,"18":0.6288104436,"19":0.538352639},"val_value_loss":{"0":0.9987421012,"1":1.0107230934,"2":0.9897598544,"3":1.0665572679,"4":0.9515813032,"5":1.2117234252,"6":1.4966463816,"7":1.0642415308,"8":0.9362996759,"9":0.8955576803,"10":1.1127229854,"11":1.1474694967,"12":1.1643153926,"13":1.2997131774,"14":1.0146625297,"15":1.1906472377,"16":0.9898177825,"17":1.2156714702,"18":1.0316489501,"19":1.5024285047},"value_acc":{"0":0.0048302284,"1":0.0344933143,"2":0.0461407001,"3":0.0631798377,"4":0.0965726412,"5":0.128923152,"6":0.1598182091,"7":0.1882380559,"8":0.2138052133,"9":0.2410381611,"10":0.2696739784,"11":0.3094839243,"12":0.3524714543,"13":0.3843355619,"14":0.435554387,"15":0.4599966196,"16":0.5222919171,"17":0.5100830078,"18":0.5708289513,"19":0.5917386569},"value_acc_sign":{"0":0.5181133564,"1":0.5733924279,"2":0.5837590144,"3":0.5946645883,"4":0.6133112981,"5":0.6298508864,"6":0.6424710787,"7":0.6538123498,"8":0.6637732873,"9":0.6739107572,"10":0.6835374099,"11":0.7002028245,"12":0.7169264573,"13":0.727339994,"14":0.7483905499,"15":0.758980619,"16":0.7826453576,"17":0.7789963942,"18":0.8055269681,"19":0.8145658053},"value_loss":{"0":0.995672819,"1":0.9543632051,"2":0.9471611259,"3":0.9348256597,"4":0.9101822603,"5":0.8883214222,"6":0.868395271,"7":0.8485224513,"8":0.8308647202,"9":0.8123804221,"10":0.7944560514,"11":0.7604948211,"12":0.7267494305,"13":0.700631055,"14":0.6532060267,"15":0.6267413704,"16":0.5688671994,"17":0.5750469266,"18":0.509097674,"19":0.4830538029}}