{"loss":{"0":3.6251904901,"1":3.3726322849,"2":3.2282207458,"3":2.9000590203,"4":2.5075210706,"5":2.3046045708,"6":2.202400176,"7":2.1376672718,"8":2.0921503515,"9":1.9630566615,"10":1.9058754723,"11":1.8505477617,"12":1.8188815137,"13":1.7899071743,"14":1.7613832739,"15":1.7193297514,"16":1.7149709908,"17":1.6774884395,"18":1.6673339756,"19":1.5471027604},"policy_acc":{"0":0.0537938532,"1":0.0713332842,"2":0.08678324,"3":0.1595095077,"4":0.2465138561,"5":0.2823113208,"6":0.3023142689,"7":0.3185675855,"8":0.3319335938,"9":0.3676831515,"10":0.3803416126,"11":0.3951595666,"12":0.4046635466,"13":0.4141067217,"14":0.4244785525,"15":0.4384618219,"16":0.4420732606,"17":0.4560473172,"18":0.4631596403,"19":0.5036224941},"policy_acc_sign":{"0":0.0002003205,"1":0.0002003205,"2":0.0002003205,"3":0.0002003205,"4":0.0002003205,"5":0.0002003205,"6":0.0002003205,"7":0.0002003205,"8":0.0002003205,"9":0.0002003205,"10":0.0002003205,"11":0.0002003205,"12":0.0002003205,"13":0.0002003205,"14":0.0002003205,"15":0.0002003205,"16":0.0002003205,"17":0.0002003205,"18":0.0002003205,"19":0.0002003205},"policy_loss":{"0":5.7873553546,"1":5.4491716754,"2":5.2526776773,"3":4.6449595011,"4":3.8690232848,"5":3.4420797398,"6":3.2274450316,"7":3.0769666564,"8":2.9647157129,"9":2.7415951828,"10":2.6503969552,"11":2.5625250214,"12":2.5042050335,"13":2.4417587573,"14":2.3860710486,"15":2.309296688,"16":2.2800658096,"17":2.2188032085,"18":2.1752365951,"19":1.9891893796},"val_loss":{"0":3.6293273516,"1":3.5441262675,"2":3.5546618908,"3":2.8716078054,"4":2.9138237833,"5":2.4229834703,"6":2.4207730437,"7":2.5841736144,"8":2.5149995845,"9":2.1545055636,"10":2.2265617733,"11":2.2081372696,"12":2.2293898787,"13":2.2153870721,"14":2.2409342978,"15":2.2475579739,"16":2.1708929745,"17":2.2298639834,"18":2.1977633127,"19":2.1363975266},"val_policy_acc":{"0":0.0405037691,"1":0.0498437213,"2":0.0704357419,"3":0.1633756205,"4":0.2099099099,"5":0.2570509285,"6":0.2599926457,"7":0.2503585218,"8":0.2785990072,"9":0.3407795551,"10":0.3180364037,"11":0.3466078324,"12":0.3289391433,"13":0.367880125,"14":0.354605626,"15":0.3597720169,"16":0.3751241037,"17":0.3643868358,"18":0.3781209781,"19":0.4008641294},"val_policy_acc_sign":{"0":0.0002003205,"1":0.0002003205,"2":0.0002003205,"3":0.0002003205,"4":0.0002003205,"5":0.0002003205,"6":0.0002003205,"7":0.0002003205,"8":0.0002003205,"9":0.0002003205,"10":0.0002003205,"11":0.0002003205,"12":0.0002003205,"13":0.0002003205,"14":0.0002003205,"15":0.0002003205,"16":0.0002003205,"17":0.0002003205,"18":0.0002003205,"19":0.0002003205},"val_policy_loss":{"0":5.8586429875,"1":5.8071211264,"2":5.6071507905,"3":4.5188280105,"4":4.1781482633,"5":3.5511891471,"6":3.4710835784,"7":3.5637422546,"8":3.4289143037,"9":2.9367031897,"10":2.986210492,"11":2.9248188476,"12":2.9245885338,"13":2.730068072,"14":2.8355256679,"15":2.7784287609,"16":2.6521779219,"17":2.7617782807,"18":2.6129580017,"19":2.4940156557},"val_value_acc":{"0":0.000753815,"1":0.0025556168,"2":0.3175951462,"3":0.0952197095,"4":0.2654348226,"5":0.1985659129,"6":0.2362566648,"7":0.2724949439,"8":0.2606913035,"9":0.2152417724,"10":0.339474168,"11":0.3297848869,"12":0.3688545689,"13":0.3640375069,"14":0.396286082,"15":0.3929950359,"16":0.3840227983,"17":0.3829931973,"18":0.3787828645,"19":0.4424710425},"val_value_acc_sign":{"0":0.5049641478,"1":0.5373965803,"2":0.5163816878,"3":0.5855120426,"4":0.541606913,"5":0.6229821659,"6":0.6148924435,"7":0.5609303181,"8":0.5780658209,"9":0.6409634124,"10":0.634454863,"11":0.6315866887,"12":0.6299503586,"13":0.5984372127,"14":0.6266593124,"15":0.6176319176,"16":0.6275969847,"17":0.6297481155,"18":0.6173561317,"19":0.6357602501},"val_value_loss":{"0":0.9998223341,"1":0.9844729211,"2":1.2576170614,"3":0.953178356,"4":1.3178790842,"5":0.9182914849,"6":0.9505759291,"7":1.144736102,"8":1.1013356863,"9":0.8728444484,"10":0.9551163725,"11":0.9593893074,"12":0.9781268288,"13":1.1184755166,"14":1.0381045737,"15":1.0808690088,"16":1.0251818689,"17":1.0068175811,"18":1.0658802186,"19":1.0674174425},"value_acc":{"0":0.0101267689,"1":0.0384894605,"2":0.058696934,"3":0.1095463591,"4":0.197291421,"5":0.24283977,"6":0.2882278154,"7":0.3118808962,"8":0.3421469634,"9":0.3985867482,"10":0.4295548349,"11":0.4707491893,"12":0.4953235554,"13":0.5143554688,"14":0.5397129275,"15":0.5710587412,"16":0.5776735702,"17":0.6134028597,"18":0.6162017246,"19":0.6684054393},"value_acc_sign":{"0":0.5132536114,"1":0.5746443838,"2":0.5898455926,"3":0.6197468308,"4":0.6551481427,"5":0.6731132075,"6":0.6895489387,"7":0.6985849057,"8":0.7104031545,"9":0.7336177034,"10":0.7460347877,"11":0.7623747052,"12":0.7737138856,"13":0.7809293927,"14":0.7914209906,"15":0.8057064416,"16":0.8073776533,"17":0.8230321344,"18":0.8253095519,"19":0.8492519163},"value_loss":{"0":0.9969229537,"1":0.9523324415,"2":0.9387270935,"3":0.903367411,"4":0.8450653998,"5":0.8135392682,"6":0.7789540867,"7":0.7595259711,"8":0.7371746025,"9":0.6853535656,"10":0.6558089594,"11":0.6159292209,"12":0.589236366,"13":0.5686827774,"14":0.5418949484,"15":0.5084175095,"16":0.5008723234,"17":0.4591982154,"18":0.4561432886,"19":0.3914976023}}