{"loss":{"0":5.8036212059,"1":4.1624574625,"2":3.3144638392,"3":2.9217935626,"4":2.7049201002,"5":2.5729382799,"6":2.4974753096,"7":2.4138275587,"8":2.3519176043,"9":2.3174782964,"10":2.2735056455,"11":2.2297907444,"12":2.182285401,"13":2.1110823686,"14":2.0998419065,"15":2.0663870422,"16":2.0074715385,"17":1.9735475128,"18":1.995124727,"19":1.9430931178},"policy_acc":{"0":0.0788574219,"1":0.2563777043,"2":0.3543945312,"3":0.4064190204,"4":0.4380859375,"5":0.4627328726,"6":0.4775446965,"7":0.4969557542,"8":0.5133150541,"9":0.5239051232,"10":0.5382605919,"11":0.5532301683,"12":0.570320012,"13":0.592581881,"14":0.5996488131,"15":0.6129525992,"16":0.6349590595,"17":0.6481238732,"18":0.6447678786,"19":0.662909405},"policy_acc_sign":{"0":0.0002003205,"1":0.0002003205,"2":0.0002003205,"3":0.0002003205,"4":0.0002003205,"5":0.0002003205,"6":0.0002003205,"7":0.0002003205,"8":0.0002003205,"9":0.0002003205,"10":0.0002003205,"11":0.0002003205,"12":0.0002003205,"13":0.0002003205,"14":0.0002003205,"15":0.0002003205,"16":0.0002003205,"17":0.0002003205,"18":0.0002003205,"19":0.0002003205},"policy_loss":{"0":5.7373048397,"1":4.0139187437,"2":3.0921422151,"3":2.644934381,"4":2.380813374,"5":2.2079347056,"6":2.0985754481,"7":1.9816874142,"8":1.8889197735,"9":1.825533308,"10":1.7533088336,"11":1.6828875922,"12":1.6060466129,"13":1.5079576469,"14":1.4710002514,"15":1.4104171345,"16":1.3288608269,"17":1.272782477,"18":1.2726892934,"19":1.2016665871},"val_loss":{"0":6.5328252252,"1":4.1422555786,"2":3.6291152213,"3":3.4043447335,"4":3.2694764575,"5":3.2317937997,"6":3.0330885962,"7":3.164139341,"8":3.1048818082,"9":3.1422718276,"10":3.1382994521,"11":3.1424562563,"12":3.1464669505,"13":3.2775018857,"14":3.5088410934,"15":3.4695384849,"16":3.5762774572,"17":3.4705339808,"18":3.6458377964,"19":3.7477454596},"val_policy_acc":{"0":0.0260341975,"1":0.2320463321,"2":0.3125206838,"3":0.3371575656,"4":0.3455598458,"5":0.3631549916,"6":0.3916528772,"7":0.3741864316,"8":0.379242508,"9":0.3722743152,"10":0.3995035855,"11":0.3983268984,"12":0.3896856038,"13":0.3852914139,"14":0.3812649381,"15":0.3815591101,"16":0.3959183673,"17":0.3904761904,"18":0.3817797389,"19":0.3936017648},"val_policy_acc_sign":{"0":0.0002003205,"1":0.0002003205,"2":0.0002003205,"3":0.0002003205,"4":0.0002003205,"5":0.0002003205,"6":0.0002003205,"7":0.0002003205,"8":0.0002003205,"9":0.0002003205,"10":0.0002003205,"11":0.0002003205,"12":0.0002003205,"13":0.0002003205,"14":0.0002003205,"15":0.0002003205,"16":0.0002003205,"17":0.0002003205,"18":0.0002003205,"19":0.0002003205},"val_policy_loss":{"0":6.4536620318,"1":3.9516840544,"2":3.3826114374,"3":3.1080493977,"4":2.9276920934,"5":2.854248318,"6":2.6222967348,"7":2.7218037907,"8":2.6315560161,"9":2.6426230234,"10":2.612668161,"11":2.5909922001,"12":2.5692631358,"13":2.6756008585,"14":2.8807781949,"15":2.8169637299,"16":2.9013403436,"17":2.7744714382,"18":2.9296430733,"19":3.0153665508},"val_value_acc":{"0":0.0000551572,"1":0.061831219,"2":0.0425813569,"3":0.1268431698,"4":0.1631182203,"5":0.1447876447,"6":0.1410921124,"7":0.2677698108,"8":0.1577312006,"9":0.1363485935,"10":0.1180180181,"11":0.2062511492,"12":0.1971318257,"13":0.2068946499,"14":0.2517558376,"15":0.2013053871,"16":0.2767420479,"17":0.1769259054,"18":0.1755653612,"19":0.2123000553},"val_value_acc_sign":{"0":0.4951461665,"1":0.5196911195,"2":0.5961757672,"3":0.6054973337,"4":0.6158117303,"5":0.6246001104,"6":0.6197646631,"7":0.6018018019,"8":0.6332230195,"9":0.6382790959,"10":0.6257032539,"11":0.625280382,"12":0.6361463498,"13":0.6343997056,"14":0.5953667953,"15":0.6322301896,"16":0.6084390513,"17":0.6391248394,"18":0.6307041733,"19":0.629453944},"val_value_loss":{"0":1.0480944969,"1":1.0851560128,"2":0.931160645,"3":0.920098933,"4":0.9037414781,"5":0.8997250549,"6":0.9029044914,"7":0.980219331,"8":0.8803509102,"9":0.877790216,"10":0.8904077531,"11":0.891180996,"12":0.8768510748,"13":0.8877093132,"14":0.9864163929,"15":0.8883923115,"16":0.9610116604,"17":0.8683567289,"18":0.8964140533,"19":0.8935868149},"value_acc":{"0":0.0311842698,"1":0.1423339844,"2":0.1895695613,"3":0.2152550331,"4":0.2092923678,"5":0.22733436,"6":0.2223801833,"7":0.2303372897,"8":0.2301870493,"9":0.23984375,"10":0.229289363,"11":0.2348689153,"12":0.2370323768,"13":0.2331242488,"14":0.2401179387,"15":0.2350266677,"16":0.2395658053,"17":0.2345984826,"18":0.2320894681,"19":0.2318960337},"value_acc_sign":{"0":0.573031851,"1":0.6395357572,"2":0.6536339393,"3":0.6631610577,"4":0.6628023588,"5":0.6684927133,"6":0.6675123948,"7":0.669121845,"8":0.6704251803,"9":0.6725097656,"10":0.6692495493,"11":0.6713266226,"12":0.6726844201,"13":0.6718167819,"14":0.6723689153,"15":0.6713303786,"16":0.6739126352,"17":0.67189378,"18":0.671110652,"19":0.6706805889},"value_loss":{"0":0.9557359746,"1":0.8725436995,"2":0.8471067474,"3":0.8290384396,"4":0.8307398918,"5":0.819498646,"6":0.8203474522,"7":0.8162120251,"8":0.8151480757,"9":0.8099254828,"10":0.8179940629,"11":0.8133080618,"12":0.8110553077,"13":0.8139643598,"14":0.8107829131,"15":0.8136150388,"16":0.810494237,"17":0.8128179403,"18":0.8138003191,"19":0.8154783739}}