{"loss":{"0":5.7931479252,"1":4.1081164727,"2":3.2991133387,"3":2.917644222,"4":2.7193102598,"5":2.5817907856,"6":2.4915400487,"7":2.4339920888,"8":2.367366512,"9":2.3227492562,"10":2.2843465548,"11":2.2256519208,"12":2.185084878,"13":2.1429571046,"14":2.1027910544,"15":2.0679067029,"16":2.043604926,"17":1.9651863804,"18":2.0157719814,"19":1.9451191091},"policy_acc":{"0":0.0804048978,"1":0.2694298377,"2":0.3590839093,"3":0.4088454026,"4":0.4392071064,"5":0.4637282151,"6":0.4833176833,"7":0.4950758714,"8":0.5148230919,"9":0.5283146785,"10":0.541000601,"11":0.5604229267,"12":0.5757042518,"13":0.5906475361,"14":0.605483774,"15":0.619933143,"16":0.6303823618,"17":0.6572885367,"18":0.6469501202,"19":0.6693378155},"policy_acc_sign":{"0":0.0002003205,"1":0.0002003205,"2":0.0002003205,"3":0.0002003205,"4":0.0002003205,"5":0.0002003205,"6":0.0002003205,"7":0.0002003205,"8":0.0002003205,"9":0.0002003205,"10":0.0002003205,"11":0.0002003205,"12":0.0002003205,"13":0.0002003205,"14":0.0002003205,"15":0.0002003205,"16":0.0002003205,"17":0.0002003205,"18":0.0002003205,"19":0.0002003205},"policy_loss":{"0":5.7269335197,"1":3.9492699467,"2":3.0644035853,"3":2.6294319749,"4":2.3853530489,"5":2.2071775436,"6":2.0805561946,"7":1.9917124537,"8":1.8919686652,"9":1.8173716541,"10":1.7493815963,"11":1.6598629438,"12":1.589888591,"13":1.5182462679,"14":1.4511409627,"15":1.3899393141,"16":1.340661699,"17":1.2382414591,"18":1.269324067,"19":1.1784003006},"val_loss":{"0":6.2391249925,"1":4.0819996103,"2":3.6460354472,"3":3.4024633798,"4":3.243138861,"5":3.1842828049,"6":3.2077852687,"7":3.0044683768,"8":3.1625747926,"9":3.3004859829,"10":3.351253365,"11":3.2084238312,"12":3.3274131638,"13":3.2974338067,"14":3.4520789861,"15":3.5289624307,"16":3.5953428262,"17":3.7345628284,"18":3.8453540449,"19":3.7571116176},"val_policy_acc":{"0":0.0149108292,"1":0.2797940799,"2":0.3224673655,"3":0.314855672,"4":0.3608016181,"5":0.3688913402,"6":0.3823496967,"7":0.3985107558,"8":0.3834896121,"9":0.3956425813,"10":0.3786357785,"11":0.404412576,"12":0.3983085127,"13":0.3947416802,"14":0.387755102,"15":0.3991726422,"16":0.3840595699,"17":0.3813384811,"18":0.3641294357,"19":0.3963963961},"val_policy_acc_sign":{"0":0.0002003205,"1":0.0002003205,"2":0.0002003205,"3":0.0002003205,"4":0.0002003205,"5":0.0002003205,"6":0.0002003205,"7":0.0002003205,"8":0.0002003205,"9":0.0002003205,"10":0.0002003205,"11":0.0002003205,"12":0.0002003205,"13":0.0002003205,"14":0.0002003205,"15":0.0002003205,"16":0.0002003205,"17":0.0002003205,"18":0.0002003205,"19":0.0002003205},"val_policy_loss":{"0":6.1536487224,"1":3.8801571283,"2":3.3899364031,"3":3.0941771266,"4":2.891561002,"5":2.7939461767,"6":2.7855147915,"7":2.5501867415,"8":2.6782964399,"9":2.7867343262,"10":2.8118897203,"11":2.635855321,"12":2.7300534024,"13":2.6714162606,"14":2.8022016814,"15":2.8526808764,"16":2.8950597254,"17":3.0134865563,"18":3.1057613429,"19":2.998823521},"val_value_acc":{"0":0.0016179445,"1":0.0000735429,"2":0.0357786358,"3":0.0472881044,"4":0.2559293988,"5":0.1247288103,"6":0.2050560765,"7":0.1879757308,"8":0.2673101675,"9":0.2504688361,"10":0.2191579336,"11":0.2688545685,"12":0.3025556167,"13":0.2757859898,"14":0.1697922411,"15":0.2593307592,"16":0.289630447,"17":0.3657106085,"18":0.2880676593,"19":0.2410185696},"val_value_acc_sign":{"0":0.5232395655,"1":0.5985291415,"2":0.6222099647,"3":0.6089170802,"4":0.5944291229,"5":0.6169700309,"6":0.6123184412,"7":0.6282404851,"8":0.6217503222,"9":0.6053502479,"10":0.621511307,"11":0.5934179078,"12":0.6010112157,"13":0.6126493837,"14":0.6209045784,"15":0.6231660237,"16":0.6136605988,"17":0.6027027029,"18":0.6244714097,"19":0.6193785627},"val_value_loss":{"0":1.0088966994,"1":0.9456522679,"2":0.9043053325,"3":0.9178968593,"4":0.9756362891,"5":0.9087091775,"6":0.9213401319,"7":0.8937326539,"8":0.9193554931,"9":0.9433433075,"10":0.9061388172,"11":1.0033379774,"12":0.9977609226,"13":0.9469741439,"14":0.8992353797,"15":0.9239560033,"16":0.9547202225,"17":1.0326811797,"18":0.9268444157,"19":0.9222393066},"value_acc":{"0":0.0436185397,"1":0.1412653996,"2":0.1928203876,"3":0.199994366,"4":0.2302621695,"5":0.2173565204,"6":0.233193735,"7":0.2369084285,"8":0.2292311448,"9":0.2396465595,"10":0.2395714393,"11":0.2301288311,"12":0.2354548528,"13":0.235539363,"14":0.2360858624,"15":0.2416635367,"16":0.2305513822,"17":0.2379281851,"18":0.2400841346,"19":0.2360670823},"value_acc_sign":{"0":0.5745398888,"1":0.6359882061,"2":0.6529184195,"3":0.659380634,"4":0.6676100511,"5":0.664075646,"6":0.6706693209,"7":0.670316256,"8":0.6692964994,"9":0.6721585787,"10":0.6720665565,"11":0.6696326623,"12":0.6717510517,"13":0.6724797175,"14":0.6724440355,"15":0.6754563552,"16":0.6701190655,"17":0.6722393329,"18":0.6740196815,"19":0.6731633113},"value_loss":{"0":0.9555329868,"1":0.88002301,"2":0.8476722898,"3":0.8388216557,"4":0.8196474362,"5":0.8285539545,"6":0.8160151839,"7":0.8145614934,"8":0.8180017086,"9":0.8120377465,"10":0.8118069509,"11":0.818073281,"12":0.8139347427,"13":0.8135064811,"14":0.8134695195,"15":0.8081755336,"16":0.816669159,"17":0.8115780617,"18":0.8108145528,"19":0.8127182339}}