{"loss":{"0":5.9057214535,"1":5.536587772,"2":5.361742181,"3":5.2083985824,"4":4.8220174514,"5":4.3125038349,"6":3.832273796,"7":3.5255450533,"8":3.3421816046,"9":3.1660452751,"10":3.0293820711,"11":2.9162816286,"12":2.8139842914,"13":2.7133574064,"14":2.6389981077,"15":2.5680101065,"16":2.5455560363,"17":2.4704168769,"18":2.4159685575,"19":2.319889075},"policy_acc":{"0":0.0504901593,"1":0.064451247,"2":0.0752403846,"3":0.0919884315,"4":0.1436241737,"5":0.2067814754,"6":0.2599872296,"7":0.2947660006,"8":0.3150428185,"9":0.3374718299,"10":0.3594463642,"11":0.3774827224,"12":0.3950420673,"13":0.4138070913,"14":0.4310077374,"15":0.4475642278,"16":0.4517277644,"17":0.4686861478,"18":0.4840407151,"19":0.5094670222},"policy_acc_sign":{"0":0.0002003205,"1":0.0002003205,"2":0.0002003205,"3":0.0002003205,"4":0.0002003205,"5":0.0002003205,"6":0.0002003205,"7":0.0002003205,"8":0.0002003205,"9":0.0002003205,"10":0.0002003205,"11":0.0002003205,"12":0.0002003205,"13":0.0002003205,"14":0.0002003205,"15":0.0002003205,"16":0.0002003205,"17":0.0002003205,"18":0.0002003205,"19":0.0002003205},"policy_loss":{"0":5.9052222454,"1":5.5300104948,"2":5.3503717551,"3":5.190845363,"4":4.788708177,"5":4.2520659557,"6":3.7395869732,"7":3.4016281586,"8":3.1897409457,"9":2.9875198676,"10":2.8261693239,"11":2.6890362464,"12":2.5650154618,"13":2.4426844487,"14":2.346773463,"15":2.2553716678,"16":2.2117342523,"17":2.1182028367,"18":2.0434764908,"19":1.9244376256},"val_loss":{"0":5.8685918336,"1":5.6163200351,"2":5.6032177817,"3":6.076844043,"4":5.4077334927,"5":4.6410656448,"6":4.267697749,"7":4.4621759822,"8":3.6822217645,"9":3.6278949642,"10":3.5030581398,"11":3.4331870448,"12":3.4671112304,"13":3.1143406391,"14":3.0473646636,"15":3.1471509162,"16":3.2804725593,"17":3.1156133634,"18":3.5337089858,"19":3.1267077617},"val_policy_acc":{"0":0.0395109395,"1":0.0437212723,"2":0.0670895385,"3":0.0689648833,"4":0.0982901269,"5":0.1588895018,"6":0.2143960287,"7":0.1981981981,"8":0.2771833055,"9":0.2820187533,"10":0.2913587057,"11":0.2933259788,"12":0.2931788932,"13":0.3536311824,"14":0.3433903293,"15":0.3470307043,"16":0.3486118773,"17":0.3509284797,"18":0.3168597165,"19":0.3683213824},"val_policy_acc_sign":{"0":0.0002003205,"1":0.0002003205,"2":0.0002003205,"3":0.0002003205,"4":0.0002003205,"5":0.0002003205,"6":0.0002003205,"7":0.0002003205,"8":0.0002003205,"9":0.0002003205,"10":0.0002003205,"11":0.0002003205,"12":0.0002003205,"13":0.0002003205,"14":0.0002003205,"15":0.0002003205,"16":0.0002003205,"17":0.0002003205,"18":0.0002003205,"19":0.0002003205},"val_policy_loss":{"0":5.8663221576,"1":5.609077184,"2":5.5919381758,"3":6.0641933027,"4":5.3701807265,"5":4.5701480153,"6":4.1645218325,"7":4.3330051957,"8":3.5198744281,"9":3.4416087685,"10":3.2922136325,"11":3.2003124244,"12":3.2134970371,"13":2.8363816832,"14":2.748611993,"15":2.8273359137,"16":2.9427406876,"17":2.7598366371,"18":3.1599137045,"19":2.725194353},"val_value_acc":{"0":0.0000551572,"1":0.0000551572,"2":0.0000551572,"3":0.0004596433,"4":0.0001470859,"5":0.0034565177,"6":0.0251332966,"7":0.0077587792,"8":0.1029049457,"9":0.1283875712,"10":0.0846111417,"11":0.1052950911,"12":0.1061592204,"13":0.194079794,"14":0.1725317153,"15":0.212447141,"16":0.2314763744,"17":0.134877735,"18":0.1942452656,"19":0.2185695899},"val_value_acc_sign":{"0":0.5142121713,"1":0.5388858243,"2":0.523699209,"3":0.5462768894,"4":0.5513697369,"5":0.5650671078,"6":0.569700312,"7":0.5724030154,"8":0.5907152046,"9":0.5865600295,"10":0.6181467176,"11":0.6214561505,"12":0.6100937672,"13":0.5990807139,"14":0.6224489801,"15":0.5931421221,"16":0.5624931055,"17":0.6365876076,"18":0.6010663722,"19":0.6187534477},"val_value_loss":{"0":0.999851545,"1":1.0029877803,"2":0.9966027594,"3":0.9853186286,"4":0.9803581907,"5":0.9712654637,"6":0.9638816414,"7":0.9663294707,"8":0.952387205,"9":0.9596894181,"10":0.9069716451,"11":0.9070549704,"12":0.9178584763,"13":0.9529039402,"14":0.9113745197,"15":0.9861308775,"16":1.0644079421,"17":0.8800407774,"18":0.9792280611,"19":0.9351845672},"value_acc":{"0":0.0020808293,"1":0.0007418119,"2":0.0024902344,"3":0.0074725811,"4":0.0127666767,"5":0.0345834585,"6":0.0649808444,"7":0.1128286508,"8":0.1277907151,"9":0.1403508113,"10":0.1564396785,"11":0.1813814603,"12":0.1945087139,"13":0.2010704627,"14":0.2141019381,"15":0.2331111028,"16":0.2322359525,"17":0.2291860727,"18":0.2350642278,"19":0.2383394681},"value_acc_sign":{"0":0.5043381911,"1":0.5358285757,"2":0.5553560697,"3":0.5647141677,"4":0.5784104567,"5":0.5954495944,"6":0.6146878756,"7":0.6297438401,"8":0.6364426833,"9":0.6413499099,"10":0.6462346004,"11":0.6523212139,"12":0.6565354567,"13":0.6611778846,"14":0.6646803636,"15":0.6724402794,"16":0.6705228365,"17":0.6707312951,"18":0.6737004207,"19":0.6748009315},"value_loss":{"0":1.0027503105,"1":0.9887695863,"2":0.9746787729,"3":0.9677135525,"4":0.9568092465,"5":0.9382472513,"6":0.9143536719,"7":0.8895076002,"8":0.8796765089,"9":0.8728383048,"10":0.8630656703,"11":0.8503691068,"12":0.8413081793,"13":0.8339060818,"14":0.8255397535,"15":0.8123937694,"16":0.81567336,"17":0.8150628321,"18":0.8110125908,"19":0.8077028275}}