{"loss":{"0":4.0828509316,"1":1.9308456972,"2":1.762077131,"3":1.7130906466,"4":1.6148708013,"5":1.648105387,"6":1.6169394536,"7":1.8767416329,"8":1.6253202515,"9":1.5745086026,"10":1.5857653962,"11":1.5598924698,"12":1.55789321,"13":1.5726699876,"14":1.60348793,"15":1.6172158929,"16":1.5714258185,"17":1.5569074356,"18":1.5628910008,"19":1.5895305186,"20":1.5666779514,"21":1.5765693877,"22":1.5438847933,"23":1.5351882241,"24":1.5306479078,"25":1.5593983827,"26":1.5385840816,"27":1.5747570564,"28":1.5355259678,"29":1.5257897065,"30":1.5607527322,"31":1.5303409974,"32":1.5338885641,"33":1.5340191372,"34":1.5443080375,"35":1.5310523087,"36":1.5324668439,"37":1.5419757692,"38":1.5968129344,"39":1.5742634179,"40":1.5337886143,"41":1.5172550633},"policy_acc":{"0":0.0222890596,"1":0.3995811247,"2":0.4626018083,"3":0.4690850162,"4":0.5025813562,"5":0.4912220742,"6":0.4960501774,"7":0.4617442899,"8":0.4974749712,"9":0.5070629347,"10":0.5012987496,"11":0.5171355498,"12":0.5120224418,"13":0.5047544162,"14":0.5030775471,"15":0.5028610837,"16":0.5018802016,"17":0.5063223183,"18":0.5090728768,"19":0.5030030814,"20":0.5095498937,"21":0.5042428675,"22":0.52346052,"23":0.5076666477,"24":0.5159469112,"25":0.5042538681,"26":0.5063488482,"27":0.5034098534,"28":0.5152542373,"29":0.5277139546,"30":0.5082753092,"31":0.5153666904,"32":0.5179490964,"33":0.5116516799,"34":0.5107288923,"35":0.5095023141,"36":0.5216409277,"37":0.5006680871,"38":0.5098160083,"39":0.5101637339,"40":0.5015121154,"41":0.5188088942},"val_loss":{"0":4.1667214621,"1":2.0885139753,"2":1.9187088662,"3":1.8630511698,"4":1.8464917186,"5":1.8950450318,"6":1.8814663251,"7":5.2120728857,"8":1.8663962578,"9":1.8519192588,"10":1.8311583778,"11":1.8029044927,"12":1.8418308431,"13":1.8703170386,"14":1.8875868629,"15":1.9052204474,"16":1.8153335261,"17":1.8798997207,"18":1.8475004248,"19":1.8298811381,"20":1.8840964213,"21":1.9418001416,"22":1.8811951262,"23":1.8135411,"24":1.867076071,"25":1.7892396185,"26":2.0055508071,"27":2.0007568785,"28":1.8766050215,"29":1.7860089964,"30":1.8248471549,"31":1.810858565,"32":1.86762025,"33":1.7961474222,"34":1.7888691276,"35":1.7949686867,"36":2.2914942411,"37":1.818870655,"38":3.7574876843,"39":1.9370339237,"40":2.3110628916,"41":2.4236202437},"val_policy_acc":{"0":0.0286346683,"1":0.3775140298,"2":0.4350273624,"3":0.4666248388,"4":0.4696922165,"5":0.4738750044,"6":0.4760012548,"7":0.0232667573,"8":0.4806023215,"9":0.4904667294,"10":0.4810903134,"11":0.4888458991,"12":0.4780403639,"13":0.4793649134,"14":0.4691345115,"15":0.4575272753,"16":0.4794520548,"17":0.4718010387,"18":0.4789466346,"19":0.4870682143,"20":0.4834779881,"21":0.4642545924,"22":0.4737007215,"23":0.4910767193,"24":0.4787374952,"25":0.4865627941,"26":0.4576492732,"27":0.4477325804,"28":0.4750078427,"29":0.4939698142,"30":0.4901181638,"31":0.4880093416,"32":0.4834431315,"33":0.4917215658,"34":0.4966886263,"35":0.4866499355,"36":0.3857401792,"37":0.4875910628,"38":0.2776673987,"39":0.4791209174,"40":0.4030290355,"41":0.3826902297},"val_value_acc_sign":{"0":0.508261006,"1":0.6191920248,"2":0.6470075639,"3":0.6245250793,"4":0.6383631357,"5":0.6117501481,"6":0.6191223117,"7":0.5164522988,"8":0.6123949946,"9":0.6125518491,"10":0.6284812995,"11":0.6367597337,"12":0.6201157238,"13":0.6247865035,"14":0.6312349681,"15":0.6257624873,"16":0.6378577155,"17":0.625187354,"18":0.6422147862,"19":0.6162815016,"20":0.6185471784,"21":0.6265816166,"22":0.6217714106,"23":0.626111053,"24":0.6318623863,"25":0.6279410227,"26":0.6262853358,"27":0.6114015825,"28":0.616612639,"29":0.6342849176,"30":0.6494649517,"31":0.6340757782,"32":0.6289692913,"33":0.6349994771,"34":0.632646659,"35":0.6458224407,"36":0.5943044372,"37":0.6387988428,"38":0.5945832898,"39":0.6100596047,"40":0.5769110112,"41":0.5623409669},"value_acc_sign":{"0":0.4978964143,"1":0.6957037477,"2":0.7305536874,"3":0.7388966055,"4":0.736624321,"5":0.7414109438,"6":0.7550195663,"7":0.7181137781,"8":0.7356959333,"9":0.7597115347,"10":0.7587108982,"11":0.7504932406,"12":0.7516507003,"13":0.7667958891,"14":0.7487522267,"15":0.7317850552,"16":0.7608846749,"17":0.7701934648,"18":0.7605054363,"19":0.7510663115,"20":0.749270244,"21":0.7513899048,"22":0.7577113869,"23":0.7716116073,"24":0.7652666456,"25":0.7645475103,"26":0.778335024,"27":0.7511738841,"28":0.7665622697,"29":0.756812183,"30":0.7687834934,"31":0.7577292159,"32":0.7505767703,"33":0.7591292002,"34":0.7643565466,"35":0.7680562929,"36":0.7583047174,"37":0.7927485464,"38":0.7319323807,"39":0.7586944409,"40":0.7765166699,"41":0.7581287941}}