{"loss":{"0":1.8034041005,"1":1.7791039342,"2":1.7605665389,"3":1.7423535879,"4":1.744858189,"5":1.7345106179,"6":1.7214622873,"7":1.7101140293,"8":1.7071028956,"9":1.7038137381,"10":1.6920544854,"11":1.6798927759,"12":1.6819292501,"13":1.6733731222,"14":1.6730875947,"15":1.6445480628,"16":1.6544964051,"17":1.661026988,"18":1.6461131376,"19":1.6518104891,"20":1.6494919139,"21":1.6514106551,"22":1.6452068764,"23":1.6432980348,"24":1.6483204281,"25":1.6308587219,"26":1.6385544249,"27":1.6433246598,"28":1.6456048371,"29":1.6194752554,"30":1.6064354136,"31":1.6063219429,"32":1.61630611,"33":1.6277857913,"34":1.6222687438,"35":1.6239009752,"36":1.6263303322,"37":1.6331323969,"38":1.6370335023,"39":1.6300520314,"40":1.6247288678,"41":1.6365796001,"42":1.6323446809,"43":1.6341790254,"44":1.6158978062,"45":1.6089767125,"46":1.6092093704,"47":1.6050329878,"48":1.6170584726,"49":1.6174328039,"50":1.6276205086,"51":1.6216808378,"52":1.6294826542,"53":1.6211090764,"54":1.620898894,"55":1.6209410763,"56":1.6264621745,"57":1.6255264969,"58":1.6227037246,"59":1.6033106338,"60":1.6077314726,"61":1.6055333588,"62":1.5975332156,"63":1.6143220438,"64":1.6132196485,"65":1.6129615518,"66":1.6187892995,"67":1.6259557309,"68":1.6226153219},"policy_acc":{"0":0.5729179688,"1":0.5763505859,"2":0.5773193359,"3":0.5794931641,"4":0.5774072266,"5":0.5787255859,"6":0.5801152344,"7":0.5815166016,"8":0.5805800781,"9":0.5804887695,"10":0.5822338867,"11":0.5839663086,"12":0.5820014648,"13":0.5826557617,"14":0.5825009766,"15":0.5876323242,"16":0.5847646484,"17":0.5831567383,"18":0.5858378906,"19":0.5835429688,"20":0.5835258789,"21":0.5827993164,"22":0.5839462891,"23":0.5840649414,"24":0.5820874023,"25":0.5854082031,"26":0.5839199219,"27":0.5822944336,"28":0.5806088867,"29":0.5862583008,"30":0.5896044922,"31":0.5896083984,"32":0.5872055664,"33":0.5844052734,"34":0.5854091797,"35":0.5848085938,"36":0.5840039062,"37":0.5821499023,"38":0.5810942383,"39":0.5824370117,"40":0.5830478516,"41":0.5805537109,"42":0.5814228516,"43":0.5812128906,"44":0.5857895508,"45":0.5866147461,"46":0.5868603516,"47":0.5869174805,"48":0.5844243164,"49":0.5846601562,"50":0.5826938477,"51":0.5838525391,"52":0.5817285156,"53":0.5840756836,"54":0.5836826172,"55":0.584168457,"56":0.5826865234,"57":0.5827661133,"58":0.5832089844,"59":0.5873452148,"60":0.5872109375,"61":0.5871967773,"62":0.5888251953,"63":0.5858330078,"64":0.5862558594,"65":0.5853408203,"66":0.5844038086,"67":0.581902832,"68":0.5830541992},"policy_acc_sign":{"0":0.0002003205,"1":0.0002003205,"2":0.0002003205,"3":0.0002003205,"4":0.0002003205,"5":0.0002003205,"6":0.0002003205,"7":0.0002003205,"8":0.0002003205,"9":0.0002003205,"10":0.0002003205,"11":0.0002003205,"12":0.0002003205,"13":0.0002003205,"14":0.0002003205,"15":0.0002003205,"16":0.0002003205,"17":0.0002003205,"18":0.0002003205,"19":0.0002003205,"20":0.0002003205,"21":0.0002003205,"22":0.0002003205,"23":0.0002003205,"24":0.0002003205,"25":0.0002003205,"26":0.0002003205,"27":0.0002003205,"28":0.0002003205,"29":0.0002003205,"30":0.0002003205,"31":0.0002003205,"32":0.0002003205,"33":0.0002003205,"34":0.0002003205,"35":0.0002003205,"36":0.0002003205,"37":0.0002003205,"38":0.0002003205,"39":0.0002003205,"40":0.0002003205,"41":0.0002003205,"42":0.0002003205,"43":0.0002003205,"44":0.0002003205,"45":0.0002003205,"46":0.0002003205,"47":0.0002003205,"48":0.0002003205,"49":0.0002003205,"50":0.0002003205,"51":0.0002003205,"52":0.0002003205,"53":0.0002003205,"54":0.0002003205,"55":0.0002003205,"56":0.0002003205,"57":0.0002003205,"58":0.0002003205,"59":0.0002003205,"60":0.0002003205,"61":0.0002003205,"62":0.0002003205,"63":0.0002003205,"64":0.0002003205,"65":0.0002003205,"66":0.0002003205,"67":0.0002003205,"68":0.0002003205},"policy_loss":{"0":1.4426353016,"1":1.4255566137,"2":1.4140656245,"3":1.4024628247,"4":1.4116392744,"5":1.4073428086,"6":1.4000341861,"7":1.3941424143,"8":1.3963488636,"9":1.398121987,"10":1.3908229829,"11":1.3831157542,"12":1.3894986049,"13":1.38493861,"14":1.3885504488,"15":1.3632397231,"16":1.3765009931,"17":1.386128124,"18":1.3740407219,"19":1.3825237501,"20":1.3825483752,"21":1.3867480915,"22":1.3826239822,"23":1.3827766018,"24":1.3897979647,"25":1.3740223221,"26":1.3834246888,"27":1.3898194169,"28":1.3937944081,"29":1.3688048834,"30":1.3567315811,"31":1.3575672976,"32":1.3685662414,"33":1.3809153442,"34":1.3760396147,"35":1.3783474103,"36":1.3814711165,"37":1.3890734248,"38":1.39355388,"39":1.3871066803,"40":1.3822092377,"41":1.3947096452,"42":1.3910366945,"43":1.3933394711,"44":1.3753360828,"45":1.3684859542,"46":1.368662111,"47":1.364267309,"48":1.3766008732,"49":1.3770496423,"50":1.3875560911,"51":1.3815871781,"52":1.3896292931,"53":1.3811520387,"54":1.3810603751,"55":1.3811378126,"56":1.3868662977,"57":1.3860657399,"58":1.3833332802,"59":1.3638503159,"60":1.3679762346,"61":1.3656136774,"62":1.3573760803,"63":1.374243838,"64":1.3729798609,"65":1.37256081,"66":1.3784054202,"67":1.3856266768,"68":1.3822750703},"val_loss":{"0":1.775067087,"1":1.7507185334,"2":1.7396686995,"3":1.7248293728,"4":1.7175000873,"5":1.7031425138,"6":1.6976498657,"7":1.6909010048,"8":1.6871345384,"9":1.6840562706,"10":1.6795096075,"11":1.6651628616,"12":1.6679464036,"13":1.6642607544,"14":1.6612339987,"15":1.6580696909,"16":1.6665481301,"17":1.6531618032,"18":1.6497162189,"19":1.6533986212,"20":1.6456714866,"21":1.6449877572,"22":1.6320510717,"23":1.641833548,"24":1.6483136718,"25":1.6390461837,"26":1.6456320679,"27":1.6369605054,"28":1.6316835027,"29":1.6352715401,"30":1.6416479597,"31":1.628901356,"32":1.6345571592,"33":1.646699864,"34":1.6283836277,"35":1.6376802308,"36":1.6309721915,"37":1.6509930587,"38":1.6359052098,"39":1.6348284898,"40":1.628420208,"41":1.6327952883,"42":1.6240379589,"43":1.6270875505,"44":1.6242730394,"45":1.6449425089,"46":1.6457657133,"47":1.631691221,"48":1.6316411962,"49":1.6500621295,"50":1.6213356499,"51":1.6300627445,"52":1.6316114369,"53":1.6594707481,"54":1.6278500129,"55":1.6203609597,"56":1.6215898023,"57":1.6199485622,"58":1.6278254902,"59":1.6363736161,"60":1.6283326225,"61":1.644570814,"62":1.6315863351,"63":1.6246471954,"64":1.6484355624,"65":1.634362137,"66":1.6273722744,"67":1.6739061487,"68":1.6536014245},"val_policy_acc":{"0":0.5769110112,"1":0.5797169647,"2":0.5807975182,"3":0.5786538395,"4":0.5792289728,"5":0.5810066576,"6":0.5851545889,"7":0.5796646799,"8":0.5816863606,"9":0.582139496,"10":0.5833943323,"11":0.5833943323,"12":0.5829934818,"13":0.5845271707,"14":0.5842483182,"15":0.5858342919,"16":0.5784272718,"17":0.5831851929,"18":0.5808498031,"19":0.5794729687,"20":0.5811112273,"21":0.5821046394,"22":0.5856251525,"23":0.582697201,"24":0.580292098,"25":0.5829586253,"26":0.5822963505,"27":0.5822963505,"28":0.5819826414,"29":0.5808149465,"30":0.582819199,"31":0.5827494859,"32":0.5842831748,"33":0.5778695667,"34":0.5828366273,"35":0.5803443829,"36":0.5788978354,"37":0.5832026212,"38":0.5787409809,"39":0.580536094,"40":0.5791941162,"41":0.5808323748,"42":0.5817909303,"43":0.5797518213,"44":0.5818083586,"45":0.57560389,"46":0.5767018718,"47":0.5807800899,"48":0.5780438496,"49":0.580292098,"50":0.5807278051,"51":0.5786712677,"52":0.5819129283,"53":0.5772247203,"54":0.5818780717,"55":0.5820523546,"56":0.5825054899,"57":0.57905469,"58":0.5774687162,"59":0.5818780717,"60":0.5809369445,"61":0.5740353446,"62":0.5794032556,"63":0.5803443829,"64":0.5751333264,"65":0.5791069748,"66":0.5822266374,"67":0.5689114295,"68":0.5746279062},"val_policy_acc_sign":{"0":0.0002003205,"1":0.0002003205,"2":0.0002003205,"3":0.0002003205,"4":0.0002003205,"5":0.0002003205,"6":0.0002003205,"7":0.0002003205,"8":0.0002003205,"9":0.0002003205,"10":0.0002003205,"11":0.0002003205,"12":0.0002003205,"13":0.0002003205,"14":0.0002003205,"15":0.0002003205,"16":0.0002003205,"17":0.0002003205,"18":0.0002003205,"19":0.0002003205,"20":0.0002003205,"21":0.0002003205,"22":0.0002003205,"23":0.0002003205,"24":0.0002003205,"25":0.0002003205,"26":0.0002003205,"27":0.0002003205,"28":0.0002003205,